受体	Nature Plants | 李磊团队/田志喜团队合作鉴定到一个免疫激发子—<em>受体</em>模块，可赋予作物广谱抗性	2025-08-19	Large-scale pairing identifies a soybean phytocytokine - receptor module conferring disease resistance	https://www.nature.com/articles/s41477-025-02086-7
受体	Cell | 华南农业大学储成才/胡斌团队发现ABA全新细胞膜<em>受体</em>，并解析其完整信号通路	2025-08-11	NRT1.1B acts as an abscisic acid receptor in integrating compound environmental cues for plants 	 https://doi.org/10.1016/j.cell.2025.07.027
受体	Nature Plants背靠背 | 改造植物免疫<em>受体</em>FLS2，精准识别逃逸病原菌	2025-08-05	Reverse engineering of the pattern recognition receptor FLS2 reveals key design principles of broader recognition spectra against evading flg22 epitopes 	 https://www.nature.com/articles/s41477-025-02050-5  
Unlocking expanded flagellin perception through rational receptor engineering 	 https://www.nature.com/articles/s41477-025-02049-y  
Expanding flg22 recognition in plants 	 https://www.nature.com/articles/s41477-025-02032-7
受体	Nature Commun | 中国农业大学高俊平团队揭示乙烯<em>受体</em>泛素化降解介导月季花朵衰老的分子机制	2025-07-03	ER-related E2-E3 ubiquitin enzyme pair regulates ethylene response by modulating the turnover of ethylene receptors 	 https://www.nature.com/articles/s41467-025-61066-9
受体	Nature Plants | 中国农大杨淑华团队揭示类<em>受体</em>激酶级联调控植物根系冷胁迫响应的新机制	2025-06-27	A receptor–kinase cascade confers cold-induced root growth inhibition in Arabidopsis 	 https://www.nature.com/articles/s41477-025-02034-5
受体	专家点评Cell | 打破物种壁垒！中国农大郭海龙团队与合作者通过共转移免疫<em>受体</em>实现跨物种抗病	2025-06-17	Interfamily co-transfer of sensor and helper NLRs extends immune receptor functionality between angiosperms 	 https://www.cell.com/cell/fulltext/S0092-8674(24)00598-5
受体	Science Advances | 华中农大李博课题组揭示番茄免疫<em>受体</em>激活新机制	2025-06-02	Differential Phosphorylation of Receptor Kinase SlLYK4 mediates Immune Responses to Bacterial and Fungal Pathogens in Tomato 	 https://www.science.org/doi/10.1126/sciadv.adu2840
受体	Plant Cell | 厦门大学黄烯/刘亮合作揭示UV-B光<em>受体</em>调节脂肪酸代谢控制气孔闭合的新机制	2025-03-25	The UV-B photoreceptor UVR8 interacts with LOX1 enzyme to promote stomatal closure through the LOX-derived oxylipin pathway 	 https://doi.org/10.1093/plcell/koaf060
受体	Nature Commun | 福建农林大学揭示抗真菌蛋白特异<em>受体</em>Ntp1的作用机制，为植物病原真菌防治提供新靶标	2025-03-24	The role of Npt1 in regulating antifungal protein activity in filamentous fungi 	 https://www.nature.com/articles/s41467-025-58230-6
受体	Current Biology | 中山大学孙宇飞课题组揭示陆地植物ABA<em>受体</em>趋同演化机制	2025-02-03	Abscisic acid receptors functionally converge across 500 million years of land plant evolution 	 https://doi.org/10.1016/j.cub.2024.12.043
受体	Cell Host Microbe | 深圳大学刘宏涛团队发现蓝光<em>受体</em>CRY1平衡植物光合和免疫	2024-12-28	The blue-light receptor CRY1 serves as a switch to balance photosynthesis and plant defense 	 https://doi.org/10.1016/j.chom.2024.12.003
受体	西北农林科技大学郭韬课题组与林鸿宣院士合作揭示拮抗性小肽通过竞争<em>受体</em>塑造水稻理想穗型的分子机制	2024-12-11	Competitive binding of small antagonistic peptides to the OsER1 receptor optimizes rice panicle architecture 	 https://doi.org/10.1016/j.xplc.2024.101204
受体	Cell | 颠覆观念！刘宏涛团队发现蓝光<em>受体</em>CRY2在黑暗中具有功能	2024-11-16	The Arabidopsis blue-light photoreceptor CRY2 is active in darkness to inhibit root growth 	 https://doi.org/10.1016/j.cell.2024.10.031
受体	Nature Plants | 柴继杰团队和河南师范大学等多家研究团队合作揭示了N-糖基化修饰促进植物免疫<em>受体</em>激酶激活的新机制	2024-11-07	N-glycosylation facilitates the activation of a plant cell-surface receptor 	 https://www.nature.com/articles/s41477-024-01841-6
受体	Nature Commun | 浙江大学丁忠杰/郑绍建团队首次发现类<em>受体</em>激酶WAKL4介导的植物主动降低镉累积的新机制	2024-11-05	The Arabidopsis receptor-like kinase WAKL4 limits cadmium uptake via phosphorylation and degradation of NRAMP1 transporter 	 https://www.nature.com/articles/s41467-024-xxxxx-x
受体	EMBO J. | 浙江大学师恺课题组发现新型<em>受体</em>激酶BRAK与多肽<em>受体</em>PSKR1相互磷酸化协同提高番茄生长和抗性	2024-10-29	A novel LRR receptor-like kinase BRAK reciprocally phosphorylates PSKR1 to enhance growth and defense in tomato	https://doi.org/10.1038/s44318-024-00278-z
受体	西南大学罗克明/魏洪彬团队发现短日照条件下蓝光<em>受体</em>CRY2促进杨树顶芽生长和木材形成	2024-08-23	Overexpression of CRYPTOCHROME 2 enhances shoot growth and wood formation in poplar under growth-restrictive short days 	 https://www.sciencedirect.com/science/article/pii/S1673852723002171
受体	EMBO Journal | 南京农业大学揭示植物免疫<em>受体</em>蛋白稳态与抗性激活动态调控新机制	2024-07-22	A viral effector blocks the turnover of a plant NLR receptor to trigger a robust immune response 	 https://doi.org/10.1038/s44318-024-00174-6
受体	PNAS | 北京师范大学李杰婕课题组揭示肌球蛋白Myosin XI在植物表面免疫<em>受体</em>复合体组装中的新功能	2024-06-21	Myosin XI-mediated BIK1 recruitment to nanodomains facilitates FLS2–BIK1 complex formation during innate immunity in Arabidopsis	https://doi.org/10.1073/pnas.2312415121
受体	Plant Cell | 西北农林科技大学王晓峰团队揭示油菜素内酯<em>受体</em>StBRI1促进马铃薯块茎发育的分子机制	2024-06-02	Brassinosteroid Receptor StBRI1 Promotes Tuber Development by Enhancing Plasma Membrane H+-ATPase Activity in Potato 	 https://doi.org/10.1093/plcell/koae164
受体	Nature Plants | 中国农业大学李继刚课题组揭示远红光<em>受体</em>phyA的蛋白磷酸化机制	2024-05-07	Liquid-liquid phase separation of TZP promotes PPK-mediated phosphorylation of the phytochrome A photoreceptor 	 https://www.nature.com/articles/s41477-024-01692-1
受体	Plant Physiol | 福建农林大学唐定中课题组揭示NLR免疫<em>受体</em>Pib和PibH8介导水稻抗病的分子机制	2024-05-06	Nucleotide-binding leucine-rich repeat receptor homologs Pib and PibH8 interact and contribute to immunity in rice	https://doi.org/10.1093/plphys/kiae244
受体	Plant Cell | 山东农业大学李厦团队/南开大学张彦团队揭示PAT调控<em>受体</em>激酶棕榈酰化从而介导花粉管导向生长的机制	2024-04-19	Arabidopsis class A S-acyl transferases modify the pollen receptors LIP1 and PRK1 to regulate pollen tube guidance	https://doi.org/10.1093/plcell/koae109
受体	Nature Commun | 南京农业大学植物病毒学团队揭示NLR免疫<em>受体</em>激活植物激素抗病信号的新机制	2024-04-15	A plant NLR receptor employs ABA central regulator PP2C-SnRK2 to activate antiviral immunity 	 https://www.nature.com/articles/s41467-024-47364-8
受体	JGG | 华中农大李一博团队发现OsCLV2s-OsCRN1共<em>受体</em>调控水稻粒形	2024-04-08	The OsCLV2s and OsCRN1 regulate grain shape in rice 	 https://www.sciencedirect.com/science/article/pii/S1673852724001673
受体	广西大学明振华/金健合作揭示水稻免疫<em>受体</em>激酶FLS2的信号转导机制	2024-01-19	Structural and biochemical basis of FLS2-mediated signal activation and transduction in rice 	 https://doi.org/10.1016/j.xplc.2023.100785
受体	Plant Physiol. | 南京农业大学张亚丽课题组发现生长素<em>受体</em>TIR1介导的生长素信号传导对水稻籽粒灌浆至关重要	2024-01-14	Auxin receptor OsTIR1 mediates auxin signaling during seed filling in rice 	 https://doi.org/10.1093/plphys/kiae013
受体	Cell Research | 浙江大学郑绍建课题组发现首个植物铝离子<em>受体</em>，并解析其完整的信号转导通路	2024-01-11	The LRR receptor-like kinase ALR1 is a plant aluminum ion sensor 	 https://www.nature.com/articles/s41422-023-00915-y
受体	Plant Physiol | 河南农业大学杨建平/杨青华课题组发现蓝光<em>受体</em>ZmCRY1b可增强玉米的抗倒伏能力	2023-11-04	Cryptochrome 1b represses gibberellin signaling to enhance lodging resistance in maize	https://doi.org/10.1093/plphys/kiad546
受体	Cell Reports | 中国农科院植保所揭示过氧化物酶体<em>受体</em>介导水稻抗稻瘟病的新机制	2023-10-25	The rice peroxisomal receptor PEX5 negatively regulates resistance to rice blast fungus Magnaporthe oryzae 	 https://doi.org/10.1016/j.celrep.2023.113315
感受器	专家点评Cell Research | 清华大学方晓峰团队合作发现新的植物温度<em>感受器</em>	2025-05-14	A thermosensor FUST1 primes heat-induced stress granule formation via biomolecular condensation in Arabidopsis 	 https://www.nature.com/articles/s41422-025-01125-4
感受器	Science Advances | 孟来生课题组揭示叶片作为营养信号<em>感受器</em>调控系统叶表皮毛发育的分子机制	2025-02-06	Trichome development of systemic developing leaves is regulated by a nutrient sensor-relay mechanism within mature leaves 	 https://www.science.org/doi/10.1126/sciadv.adq5820
感受器	专家点评 Science | 郭红卫团队发现新的渗透<em>感受器</em>，揭示蛋白相分离介导渗透胁迫感知与适应的新途径	2024-11-01	A cytoplasmic osmosensing mechanism mediated by molecular crowding–sensitive DCP5 	 https://www.science.org/doi/10.1126/science.eadk9067
感受器	Molecular Cell | 种康院士团队发现新的低温<em>感受器</em>第二信使2’,3’-cAMP调控水稻耐寒性	2024-10-31	COLD6-OSM1 module senses chilling for cold tolerance via 2′,3′-cAMP signaling in rice 	 https://doi.org/10.1016/j.molcel.2024.09.031
感受器	Nature 突破！湖南农业大学发现植物低渗<em>感受器</em>	2024-05-23	Osmosensor-mediated control of Ca2+ spiking in pollen germination 	 https://www.nature.com/articles/s41586-024-07445-6
感受器	Nature | 一个新的植物耐热<em>感受器</em>	2024-05-19	The temperature sensor TWA1 is required for thermotolerance in Arabidopsis 	 https://www.nature.com/articles/s41586-024-07424-x
感受器	Nature Commun | 中国农业大学王涛/董江丽团队发现双向调节氧化还原<em>感受器</em>	2023-05-17	The thioesterase APT1 is a bidirectional-adjustment redox sensor	https://doi.org/10.1038/s41467-023-38464-y
感受器	Nature Commun | 中英合作团队揭示新型植物RNA低温<em>感受器</em>	2022-10-21	RNA G-quadruplex structure contributes to cold adaptation in plants 	 https://www.nature.com/articles/s41467-022-34040-y
感受器	Nature Plants | 山东大学白明义课题组揭示植物能量<em>感受器</em>SnRK1抑制硝态氮信号转导的重要机制	2022-09-02	Regulatory functions of cellular energy sensor SnRK1 for nitrate signalling through NLP7 repression 	 https://www.nature.com/articles/s41477-022-01231-w
感受器	Nature Commun | 山东大学白明义课题组揭示过氧化氢调控能量<em>感受器</em>SnRK1活性影响气孔发育的重要机制	2022-08-27	Spatially patterned hydrogen peroxide orchestrates stomatal development in Arabidopsis 	 https://www.nature.com/articles/s41467-022-32770-7
感受器	Science | 耗时近10年！林鸿宣/林尤舜合作发现一个潜在的植物高温<em>感受器</em>，揭示植物响应极端高温的新机制	2022-06-17	A genetic module at one locus in rice protects chloroplasts to enhance thermotolerance 	 https://www.science.org/doi/10.1126/science.abo5721
感受器	Cell Reports | 种康院士团队发现低温<em>感受器</em>COLD1的下游新组分，揭示水稻耐寒性调控新机制	2021-07-20	Integrated global analysis reveals a vitamin E-vitamin K1 sub-network, downstream of COLD1, underlying rice chilling tolerance divergence 	 https://www.cell.com/cell-reports/fulltext/S2211-1247(21)00795-6
感受器	Cell | 一个新的植物水势<em>感受器</em>，种子萌发调控新机制！	2021-07-07	A prion-like protein regulator of seed germination undergoes hydration-dependent phase separation 	 https://www.cell.com/cell/fulltext/S0092-8674(21)00710-8
感受器	Nature Plants | 转录因子bZIP19和bZIP23是植物的锌<em>感受器</em>，调控植物锌稳态	2021-02-17	Arabidopsis bZIP19 and bZIP23 act as zinc sensors to control plant zinc status	https://www.nature.com/articles/s41477-021-00856-7
感受器	Nature突破！一个新的植物温度<em>感受器</em>，植物响应温度变化的新机制！	2020-08-27	A prion-like domain in ELF3 functions as a thermosensor in Arabidopsis 	 https://doi.org/10.1038/s41586-020-2644-7  
The plant response to heat requires phase separation 	 https://doi.org/10.1038/d41586-020-02442-x
感受器	Nature Comm | 山东大学白明义课题组揭示植物能量<em>感受器</em>SnRK1促进气孔发育的分子机理	2020-08-26	KIN10 Promotes Stomatal Development through Stabilization of the SPEECHLESS Transcription Factor 	 https://doi.org/10.1038/s41467-020-18048-w
感受器	Nature突破！稻瘟病菌侵染新机制，一个激酶膨压<em>感受器</em>被鉴定到！	2019-10-10	A sensor kinase controls turgor-driven plant infection by the rice blast fungus	https://www.nature.com/articles/s41586-019-1637-x
感受器	Nature | 一个新的植物耐热<em>感受器</em>	2024-05-19	The temperature sensor TWA1 is required for thermotolerance in Arabidopsis 	 https://www.nature.com/articles/s41586-024-07424-x
感受器	Nature Commun | 中国农业大学王涛/董江丽团队发现双向调节氧化还原<em>感受器</em>	2023-05-17	The thioesterase APT1 is a bidirectional-adjustment redox sensor	https://doi.org/10.1038/s41467-023-38464-y
感受器	Nature Commun | 中英合作团队揭示新型植物RNA低温<em>感受器</em>	2022-10-21	RNA G-quadruplex structure contributes to cold adaptation in plants	https://www.nature.com/articles/s41467-022-34040-y
感受器	Nature Plants | 山东大学白明义课题组揭示植物能量<em>感受器</em>SnRK1抑制硝态氮信号转导的重要机制	2022-09-02	Regulatory functions of cellular energy sensor SnRK1 for nitrate signalling through NLP7 repression 	 https://www.nature.com/articles/s41477-022-01236-5
感受器	Nature Commun | 山东大学白明义课题组揭示过氧化氢调控能量<em>感受器</em>SnRK1活性影响气孔发育的重要机制	2022-08-27	Spatially patterned hydrogen peroxide orchestrates stomatal development in Arabidopsis 	 https://www.nature.com/articles/s41467-022-32770-7
感受器	Science | 耗时近10年！林鸿宣/林尤舜合作发现一个潜在的植物高温<em>感受器</em>，揭示植物响应极端高温的新机制	2022-06-17	A genetic module at one locus in rice protects chloroplasts to enhance thermotolerance 	 https://www.science.org/doi/10.1126/science.abo5721
感受器	Cell Reports | 种康院士团队发现低温<em>感受器</em>COLD1的下游新组分，揭示水稻耐寒性调控新机制	2021-07-20	Integrated global analysis reveals a vitamin E-vitamin K1 sub-network, downstream of COLD1, underlying rice chilling tolerance divergence 	 https://www.cell.com/cell-reports/fulltext/S2211-1247(21)00795-6
感受器	Cell | 一个新的植物水势<em>感受器</em>，种子萌发调控新机制！	2021-07-07	A prion-like protein regulator of seed germination undergoes hydration-dependent phase separation 	 https://www.cell.com/cell/fulltext/S0092-8674(21)00710-8
感受器	Nature Plants | 转录因子bZIP19和bZIP23是植物的锌<em>感受器</em>，调控植物锌稳态	2021-02-17	Arabidopsis bZIP19 and bZIP23 act as zinc sensors to control plant zinc status 	 https://www.nature.com/articles/s41477-021-00856-7
感受器	Nature突破！一个新的植物温度<em>感受器</em>，植物响应温度变化的新机制！	2020-08-27	A prion-like domain in ELF3 functions as a thermosensor in Arabidopsis 	 https://doi.org/10.1038/s41586-020-2644-7
The plant response to heat requires phase separation 	 https://doi.org/10.1038/d41586-020-02442-x
感受器	Nature Comm | 山东大学白明义课题组揭示植物能量<em>感受器</em>SnRK1促进气孔发育的分子机理	2020-08-26	KIN10 Promotes Stomatal Development through Stabilization of the SPEECHLESS Transcription Factor 	 https://doi.org/10.1038/s41467-020-18048-w
感受器	Nature突破！稻瘟病菌侵染新机制，一个激酶膨压<em>感受器</em>被鉴定到！	2019-10-10	A sensor kinase controls turgor-driven plant infection by the rice blast fungus 	 https://www.nature.com/articles/s41586-019-1637-x
感受器	Science | 耗时近10年！林鸿宣/林尤舜合作发现一个潜在的植物高温<em>感受器</em>，揭示植物响应极端高温的新机制	2022-06-17	A genetic module at one locus in rice protects chloroplasts to enhance thermotolerance 	 https://www.science.org/doi/10.1126/science.abo5721
胁迫	Dev Cell | 唐雨/谷杨楠团队揭示核纤层蛋白PNET2通过相分离调控膜结合转录因子介导植物响应<em>胁迫</em>的新机制	2025-08-14	Nuclear Lamina Phase Separation Orchestrates Stress-Induced Transcriptional Responses in Plants 	 https://www.sciencedirect.com/science/article/pii/S1534580725004460?via%3Dihub
胁迫	Plant Journal | 南京师范大学朱自强课题组揭示植物细胞核内盐<em>胁迫</em>应答的新机制	2025-08-04	Salt-responsive SSN1 condensation in nucleus facilitates PIF4 degradation to regulate Arabidopsis salt tolerance	https://doi.org/10.1111/tpj.70389
胁迫	Plant Cell | 栾升团队揭示TOR复合体和Ca2+-CBL-CIPK钙信号通路平衡植物生长与盐<em>胁迫</em>响应的新机制	2025-07-04	A calcium sensor kinase pathway interacts with the TOR complex to balance growth and salt tolerance in Arabidopsis 	 https://doi.org/10.1093/plcell/koaf103
胁迫	Nature Plants | 中国农大杨淑华团队揭示类受体激酶级联调控植物根系冷<em>胁迫</em>响应的新机制	2025-06-27	A receptor–kinase cascade confers cold-induced root growth inhibition in Arabidopsis 	 https://www.nature.com/articles/s41477-025-02034-5
胁迫	Cell Reports | 南方科技大学王鹏程团队揭示水稻渗透<em>胁迫</em>应答新机制	2025-06-24	Rice B2 and B3 subgroup RAF kinases play central roles in both ABA and osmotic stress signaling 	 https://www.cell.com/cell-reports/fulltext/S2211-1247(25)00665-5
胁迫	南京师范大学朱自强团队揭示植物高温<em>胁迫</em>应答新机制	2025-06-16	High temperature-responsive DEAR4 condensation confers thermotolerance through recruiting TOPLESS in Arabidopsis nucleus 	 https://doi.org/10.1111/tpj.70172
胁迫	Nature Plants | 赵杨/万里合作揭示动植物保守的TIR酶活磷酸化刹车机制，渗透<em>胁迫</em>下平衡植物免疫与生长的关键	2025-06-11	TIR immune signalling is blocked by phosphorylation to maintain plant growth 	 https://www.nature.com/articles/s41477-025-02012-x
胁迫	Annu Rev | 董欣年/项耶子综述植物<em>胁迫</em>响应中的翻译调控研究进展	2025-06-08	Translational Regulation of Plant Stress Responses: Mechanisms, Pathways, and Applications in Bioengineering 	 https://doi.org/10.1146/annurev-phyto-121823-032335
胁迫	Nature Com | 山东大学杨中宝团队揭示Ca²⁺-CPK-STOP1-ALMT1级联信号通路调控植物铝<em>胁迫</em>耐受性的新机制	2025-06-06	Ca2+-dependent cytoplasmic and nuclear phosphorylation of STOP1 by CPK21 and CPK23 confers ALMT1-dependent aluminum resistance	https://www.nature.com/articles/s41467-025-60426-9
胁迫	Plant Physiol | 东北林业大学杨静莉研究组揭示干旱<em>胁迫</em>下杨树根系发育调控新机制	2025-05-20	PuUBL5-mediated ZINC FINGER PROTEIN 1 stability is critical for root development under drought stress in Populus ussuriensis 	 https://doi.org/10.1093/plphys/kiaf181
胁迫	Nature Commun | 南京农业大学徐国华团队揭示水稻染色体外环状DNA响应养分<em>胁迫</em>的动态机制	2025-05-05	Adaptive Dynamics of Extrachromosomal Circular DNA in Rice Under Nutrient Stress 	 https://doi.org/10.1038/s41467-025-59572-x
胁迫	Nature Commun | 浙江大学王智烨课题组揭示RNA m6A修饰在植物缺磷<em>胁迫</em>响应中的调控功能	2025-05-03	N6-methyladenosine modifications stabilize phosphate starvation response–related mRNAs in plant adaptation to nutrient-deficient stress 	 https://www.nature.com/articles/s41467-025-59331-y
胁迫	Plant Cell | 华南师范大学张盛春课题组揭示高温<em>胁迫</em>下种子成熟和脂肪酸合成的调控新机制	2025-04-19	SIZ1-mediated SUMOylation stabilizes WRI1 to safeguard seed filling and fatty acid biosynthesis at high temperatures 	 https://doi.org/10.1093/plcell/koaf085  
PIF4 and PIF5 interact with WRI1 to modulate fatty acid biosynthesis during seed maturation in Arabidopsis 	 https://doi.org/10.1093/plphys/kiaf141
胁迫	PNAS | 中国农业大学/河北大学巩志忠课题组揭示玉米干旱<em>胁迫</em>响应新机制	2025-04-13	ZmGCT1/2 negatively regulate drought tolerance in maize by inhibiting ZmSLAC1 to maintain guard cell turgor 	 https://www.pnas.org/doi/10.1073/pnas.2401135121
胁迫	Nature Commun | 清华大学方晓峰课题组发现相分离和相变介导热<em>胁迫</em>引起光合作用效率下降	2025-03-23	Solid-like condensation of MORF8 inhibits RNA editing under heat stress in Arabidopsis 	 https://doi.org/10.1038/s41467-025-58146-1
胁迫	Nature Commun | 南方科技大学李瑞熙团队揭示内膜蛋白通过蛋白酶体调控亚基促进热<em>胁迫</em>诱导应激颗粒解聚的机制	2025-03-01	The adaptor protein AP-3β disassembles heat-induced stress granules via 19S regulatory particle in Arabidopsis 	 https://www.nature.com/articles/s41467-024-46739-1
胁迫	Plant Physiol | 宁夏大学徐伟荣团队揭示葡萄低温<em>胁迫</em>响应调控新机制	2025-01-27	Phosphorylation-dependent VaMYB4a regulates cold stress in grapevine by inhibiting VaPIF3 and activating VaCBF4	https://doi.org/10.1093/plphys/kiaf035
胁迫	Nature Commun | 中国农科院生物所普莉团队揭示玉米根系响应热<em>胁迫</em>的单细胞转录图谱和调控网络	2025-01-07	Single-cell transcriptomes reveal spatiotemporal heat stress response in maize roots 	 https://www.nature.com/articles/s41467-024-55485-3
胁迫	Nature Commun | 丁兆军/张大健合作团队揭示GmERF13转录因子介导盐<em>胁迫</em>信号抑制大豆结瘤的新机制	2025-01-07	GmERF13 mediates salt inhibition of nodulation through interacting with GmLBD16a in soybean 	 https://www.nature.com/articles/s41467-024-55495-1
胁迫	JGG | 中国农业大学秦峰团队发现ZmMIK2-ZmC2DP1负调控玉米对干旱和盐<em>胁迫</em>的响应	2024-11-17	An LRR-RLK protein modulates drought- and salt-stress responses in maize 	 https://www.sciencedirect.com/science/article/pii/S1673852724000503
胁迫	扬州大学冯立国团队揭示盐<em>胁迫</em>诱导玫瑰香叶醇合成的分子机制	2024-11-14	The MYC Gene RrbHLH105 Contributes to Salt Stress Induced Geraniol in Rose by Regulating Trehalose-6-Phosphate Signalling 	 http://doi.org/10.1111/pce.15266
胁迫	专家点评 Science | 郭红卫团队发现新的渗透感受器，揭示蛋白相分离介导渗透<em>胁迫</em>感知与适应的新途径	2024-11-01	A cytoplasmic osmosensing mechanism mediated by molecular crowding–sensitive DCP5 	 https://www.science.org/doi/10.1126/science.eadk9067
胁迫	EMBO J | 中国科学院分子植物卓越中心赵杨研究组揭示植物渗透<em>胁迫</em>应答调控新机制	2024-10-23	Osmotic signaling releases PP2C-mediated inhibition of SnRK2s via the receptor-like cytoplasmic kinase BIK1	https://www.embopress.org/doi/10.1038/s44320-024-00001-4
胁迫	Plant Physiol | 重庆大学黄俊丽团队揭示非组蛋白去乙酰化修饰调控水稻干旱<em>胁迫</em>应答的新机制	2024-10-19	OsPUB75-OsHDA716 mediates deactivation and degradation of OsbZIP46 to negatively regulate drought tolerance in rice	https://doi.org/10.1093/plphys/kiae545
胁迫	Plant Cell | 广西大学夏继星课题组揭示水稻根内皮层木质化和木栓化的分子机制及其在耐盐<em>胁迫</em>中的作用机制	2024-10-16	Four MYB transcription factors regulate suberization and non-localized lignification at the root endodermis in rice	https://doi.org/10.1093/plcell/koae278
胁迫	Genome Biology | 华中农业大学熊立仲/李兴旺团队联合揭示水稻干旱<em>胁迫</em>下的三维基因组重塑机制	2024-10-12	Drought-responsive dynamics of H3K9ac-marked 3D chromatin interactions are integrated by OsbZIP23-associated super-enhancer-like promoter regions in rice 	 https://genomebiology.biomedcentral.com/articles/10.1186/s13059-024-03408-2
胁迫	沈阳农业大学李天来/王峰团队系统总结光信号在植物响应盐<em>胁迫</em>中的调控机制	2024-10-01	Revisiting the role of light signaling in plant responses to salt stress 	 https://doi.org/10.1093/hr/uhae262
胁迫	JGG | 中国科学院遗传发育所姜丹华团队综述表观遗传在植物非生物<em>胁迫</em>响应中的作用和机制	2024-09-24	Epigenetic control of plant abiotic stress responses 	 https://www.sciencedirect.com/science/article/pii/S1673852724002467
胁迫	沈阳农业大学代红艳团队揭示苹果生长和<em>胁迫</em>响应平衡的调控新机制	2024-09-05	The MdIAA29-MdARF4 complex plays an important role in balancing plant height with salt and drought stress responses 	 https://doi.org/10.1093/plphys/kiae467
胁迫	Molecular Cell | 北京大学王伟课题组发现蛋白酶体调控应激颗粒稳态抵御高温<em>胁迫</em>的新机制	2024-08-22	Proteasome resides in and dismantles plant heat stress granules constitutively 	 https://doi.org/10.1016/j.molcel.2024.07.033
抗性	Nature Plants | 李磊团队/田志喜团队合作鉴定到一个免疫激发子—受体模块，可赋予作物广谱<em>抗性</em>	2025-08-19	Large-scale pairing identifies a soybean phytocytokine - receptor module conferring disease resistance	https://www.nature.com/articles/s41477-025-02086-7
抗性	中国热科院阙友雄/吴期滨团队揭示长链非编码RNA与靶基因协同调控甘蔗黑穗病<em>抗性</em>的机制	2025-06-30	LncRNAs co‑expressed with targeted genes to regulate sugarcane response to Sporisorium scitamineum infection 	 https://doi.org/10.1007/s00299-025-03555-1
抗性	浙江大学周艳虹课题组揭示钙依赖性蛋白激酶CPK27调控番茄低温<em>抗性</em>的分子机制	2025-04-20	CPK27 enhances cold tolerance by promoting flavonoid biosynthesis through phosphorylating HY5 in tomato 	 https://nph.onlinelibrary.wiley.com/doi/10.1111/nph.70134
抗性	专家点评 Science 封面 | 叶健团队解析柑橘黄龙病<em>抗性</em>新机制，并开发治疗新策略	2025-04-11	Targeted MYC2 stabilization confers citrus Huanglongbing resistance 	 https://science.org/doi/10.1126/science.adq7203
抗性	Plant Physiol | 江苏省中国科学院植物研究所揭示苯丙氨酸代谢途径参与调控根际细菌诱导的植物<em>抗性</em>的新机制	2025-02-20	Phenylalanine metabolism-dependent lignification confers rhizobacterium-induced plant resistance	https://doi.org/10.1093/plphys/kiaf016
抗性	专家点评Nature Genetics | 浙江大学刘建祥团队在水稻高温<em>抗性</em>分子机制研究与种质创新领域取得新进展	2025-01-14	The NAT1–bHLH110–CER1/CER1L module regulates heat stress tolerance in rice 	 https://www.nature.com/articles/s41588-024-02065-2
抗性	Dev Cell | 宁波大学陈剑平院士/羊健研究员团队揭示小肽CLE7激活植物对RNA病毒广谱<em>抗性</em>的机制	2024-12-17	A plant signal peptide elicits plant defense response to viral infection 	 https://doi.org/10.1016/j.devcel.2024.11.020
抗性	New Phytol | 南京农业大学王一鸣研究组揭示水稻稻曲病<em>抗性</em>调控新机制	2024-12-05	Biosynthesis of sakuranetin regulated by OsMPK6-OsWRKY67-OsNOMT cascade enhances resistance to false smut disease 	 https://nph.onlinelibrary.wiley.com/doi/10.1111/nph.20308
抗性	Plant Cell | 湖南大学于峰/伍斗生课题组揭示植物维管束<em>抗性</em>新机制	2024-11-17	The FERONIA–RESPONSIVE TO DESSICATION 26 module regulates vascular immunity to Ralstonia solanacearum 	 https://doi.org/10.1093/plcell/koae302
抗性	SCLS | 南京农业大学作物疫病研究团队发现果胶裂解酶协同其降解产物双重激活大豆对疫霉菌的<em>抗性</em>	2024-11-15	Dual activation of soybean resistance against Phytophthora sojae by pectin lyase and degraded pectin oligosaccharides 	 http://engine.scichina.com/doi/10.1007/s11427-024-2724-5
抗性	Plant Journal | 中国农业科学院作科所徐兆师课题组揭示小麦茎基腐病<em>抗性</em>调控新机制	2024-11-06	TaWRKY24 integrates the tryptophan metabolism pathways to participate in defense against Fusarium crown rot in wheat	http://doi.org/10.1111/tpj.17079
抗性	Nature Genetics | 中国农业大学徐明良团队揭示玉米广谱数量<em>抗性</em>的分子机制	2024-11-04	The ZmCPK39-ZmDi19-ZmPR10 immune module regulates quantitative resistance to multiple foliar diseases in maize 	 https://www.nature.com/articles/s41588-024-01968-4
抗性	EMBO J. | 浙江大学师恺课题组发现新型受体激酶BRAK与多肽受体PSKR1相互磷酸化协同提高番茄生长和<em>抗性</em>	2024-10-29	A novel LRR receptor-like kinase BRAK reciprocally phosphorylates PSKR1 to enhance growth and defense in tomato 	 https://doi.org/10.1038/s44318-024-00278-z
抗性	中国农科院郑州果树所苹果育种课题组揭示转录因子MdERF61调控苹果再植病<em>抗性</em>的机制	2024-10-08	The MdERF61-mdm-miR397b-MdLAC7b module regulates apple resistance to Fusarium solani via lignin biosynthesis 	 https://doi.org/10.1093/plphys/kiae518
抗性	Nature Plants | 四川农业大学水稻重大病害<em>抗性</em>团队揭示RNA修饰调控水稻抗病性的新机制	2024-09-25	Dynamics of epitranscriptomes uncover translational reprogramming directed by ac4C in rice during pathogen infection 	 https://doi.org/10.1038/s41477-024-01800-1
抗性	广东省农科院揭示转录因子CpWRKY50通过促进JA信号通路增强番木瓜炭疽病<em>抗性</em>的新机制	2024-09-20	Transcription factor CpWRKY50 enhances anthracnose resistance by promoting jasmonic acid signaling in papaya 	 https://doi.org/10.1093/plphys/kiae472
抗性	Plant Physiol | 河南大学张骁团队揭示组蛋白去乙酰化酶GhHDA5调控棉花黄萎病<em>抗性</em>的分子机制	2024-09-15	Histone deacetylase GhHDA5 negatively regulates Verticillium wilt resistance in cotton	https://doi.org/10.1093/plphys/kiae490
抗性	Science | 董欣年团队揭示过氧化氢在系统性获得<em>抗性</em>建立中的作用机制	2024-09-13	H2O2 sulfenylates CHE, linking local infection to establishment of systemic acquired resistance 	 https://www.science.org/doi/10.1126/science.adj7249
抗性	Plant Physiol | 浙江大学果实品质生物学团队发现通过调控苯甲醛代谢可以增强果实香气和<em>抗性</em>	2024-08-31	Glycoside hydrolase PpGH28BG1 modulates benzaldehyde metabolism and enhances fruit aroma and immune responses in peach 	 https://doi.org/10.1093/plphys/kiae423
抗性	EMBO Journal | 南京农业大学揭示植物免疫受体蛋白稳态与<em>抗性</em>激活动态调控新机制	2024-07-22	A viral effector blocks the turnover of a plant NLR receptor to trigger a robust immune response 	 https://doi.org/10.1038/s44318-024-00174-6
抗性	Plant Cell | 南京农业大学作物疫病团队揭示一种植物持久<em>抗性</em>机理	2024-06-30	Alternative splicing of a potato disease resistance gene maintains homeostasis between growth and immunity	https://doi.org/10.1093/plcell/koae189
抗性	Nature Commun | 扬州大学王幼平团队克隆到调控油菜菌核病<em>抗性</em>的关键基因	2024-06-14	Natural variation in BnaA07.MKK9 confers resistance to Sclerotinia stem rot in oilseed rape 	 https://www.nature.com/articles/s41467-024-49504-6
抗性	Nature Plants | 新观点！吴俊团队合作发现非传统<em>抗性</em>蛋白Ptr特异性识别稻瘟病菌效应子Avr-Pita	2024-06-04	The unconventional resistance protein PTR recognizes the Magnaporthe oryzae effector AVR-Pita in an allele-specific manner 	 https://www.nature.com/articles/s41477-024-01694-z
抗性	山东农业大学/山东农科院植物病毒病防控团队在西瓜花叶病毒与携带<em>抗性</em>基因寄主互作方面取得新进展	2024-05-27	P3N-PIPO but not P3 is the avirulence determinant in melon carrying the Wmr resistance against watermelon mosaic virus, although they contain a common genetic determinant 	 https://journals.asm.org/eprint/AFR6ZNZQASQQRQBCYDIN/full
抗性	Plant Journal | 沈阳农大范海延研究组揭示CsTCTP-Rab GTPase-TOR模块调控黄瓜白粉病<em>抗性</em>的新机制	2024-05-07	Cucumber (Cucumis sativus L.) translationally controlled tumor protein interacts with CsRab11A and promotes activation of target of rapamycin in response to Podosphaera xanthii	http://doi.org/10.1111/tpj.16766
抗性	Plant Physiol | 山东农业大学巩彪课题组揭示一氧化氮调控脯氨酸合成提高番茄盐碱和干旱<em>抗性</em>的新机制	2024-04-01	Genetic engineering of drought- and salt-tolerant tomato via Δ1-pyrroline-5-carboxylate reductase S-nitrosylation	https://doi.org/10.1093/plphys/kiae156
抗性	Plant Physiol | 西北农林科技大学文颖强课题组发现感病基因EDR1嵌合突变提高葡萄白粉病<em>抗性</em>且不影响植株生长	2024-03-24	Chimeric mutations in grapevine ENHANCED DISEASE RESISTANCE1 improve resistance to powdery mildew without growth penalty	https://doi.org/10.1093/plphys/kiae169
抗性	浙江大学师恺课题组揭示糖信号途径Glc-RGS1-GPA1响应CO2环境变化调控番茄高温<em>抗性</em>的分子机制	2024-03-10	Glucose-G protein signaling plays a crucial role in tomato resilience to high temperature and elevated CO2 	 https://doi.org/10.1093/plphys/kiae136
抗性	Plant Physiol | 浙江大学喻景权团队揭示蛋白激酶CPK27调控番茄干旱<em>抗性</em>中的新机制	2024-03-09	Phosphorylation of sugar transporter TST2 by protein kinase CPK27 enhances drought tolerance in tomato 	 https://doi.org/10.1093/plphys/kiae124
抗性	Plant Physiol | 西北农林科技大学文颖强课题组揭示转录因子WRKY10/30调控葡萄白粉病<em>抗性</em>的新机制	2024-02-20	Transcription factors VviWRKY10 and VviWRKY30 co-regulate powdery mildew resistance in grapevine	https://doi.org/10.1093/plphys/kiae080
适应	Dev Cell | 俞皓团队揭示mRNA ac4C修饰调控植物低温<em>适应</em>性开花的新机制	2025-08-02	Temperature-responsive N4-acetylcytidine mRNA modification controls thermosensory flowering in Arabidopsis 	 https://www.cell.com/developmental-cell/fulltext/S1534-5807(24)00336-4
适应	Plant Journal | 南京大学揭示东亚-西亚间断分布“活化石”植物银缕梅与波斯铁木的物种形成和<em>适应</em>性进化	2025-07-28	Evolutionary legacy of the “living fossil” genus Parrotia (Hamamelidaceae): genomic insights into species divergence and polygenic adaptation 	 https://doi.org/10.1111/tpj.70367
适应	Nature Commun | 北京大学现代农业研究院郭立团队破译“岷江百合”超大基因组和<em>适应</em>性进化机制	2025-07-05	Genomic and epigenomic insight into giga-chromosome architecture and adaptive evolution of royal lily (Lilium regale) 	 https://www.nature.com/articles/s41467-025-61289-w
适应	Nature Commun | 华南农业大学王应祥课题组联合杨存义课题组揭示大豆开花<em>适应</em>低纬度地区的分子机制	2025-07-05	Natural variation in histone demethylase GmLDL2 confers flowering time divergence for geographical expansion in soybean 	 https://www.nature.com/articles/s41467-025-61328-6
适应	Advanced Science | 曹晓风团队揭示二倍体刺田菁耐盐<em>适应</em>演化机制	2025-05-31	Genomic Variation Underpins Genetic Divergence and Differing Salt Resilience in Sesbania bispinosa 	 https://doi.org/10.1002/advs.202502600
适应	Cell | 曹晓风团队揭示水稻冷<em>适应</em>的获得性遗传机制，为拉马克获得性遗传理论提供证据	2025-05-22	Inheritance of acquired adaptive cold tolerance in rice through DNA methylation	https://www.cell.com/cell/fulltext/S0092-8674(25)00506-9
适应	Trends in Genetics | 中科院遗传发育所肖军研究组综述小麦物种形成、环境<em>适应</em>和生长发育过程中的表观调控	2025-05-11	Epigenetic perspectives on wheat speciation, adaptation, and development 	 https://doi.org/10.1016/j.tig.2025.04.008
适应	PNAS | 华中师范大学邱保胜团队揭示红光信号通路调控荒漠蓝藻<em>适应</em>干旱环境的机制	2025-03-29	Red-light signaling pathway activates desert cyanobacteria to prepare for desiccation tolerace 	 https://doi.org/10.1073/pnas.2502034122
适应	Nature Plants | 河南大学宋纯鹏团队解析水平转移基因CSP促进小麦<em>适应</em>与遗传改良的分子机制	2025-03-29	Horizontally acquired CSP genes contribute to wheat adaptation and improvement 	 https://www.nature.com/articles/s41477-024-01711-1
适应	专家点评Nature Genetics | 中棉所马雄风团队构建陆地棉端粒到端粒基因组图谱，解析着丝粒演化与短季<em>适应</em>性基础	2025-03-17	A telomere-to-telomere genome assembly of cotton provides insights into centromere evolution and short-season adaptation 	 https://www.nature.com/articles/s41588-025-02130-4
适应	Nature Plants | 北京市农林科学院李瑞芬团队与合作者破译大麦属I基因组盐碱<em>适应</em>机制，助力作物遗传改良	2025-03-15	Hordeum I genome unlocks adaptive evolution and genetic potential for crop improvement 	 https://www.nature.com/articles/s41477-025-01942-w
适应	Nature Commun | 西南大学李楠楠课题组发现一种聚合水凝胶，帮助有益菌促进植物生长并<em>适应</em>酸性土壤	2025-02-17	Rhizobacteria protective hydrogel to promote plant growth and adaption to acidic soil 	 https://www.nature.com/articles/s41467-025-56988-3
适应	Nature Commun | “沙漠皮肤”生物结皮土壤绿藻的基因组<em>适应</em>机制，助力土壤修复与油脂代谢研究	2025-02-15	Chromosome-level genomes of two Bracteacoccaceae highlight adaptations to biocrusts 	 https://www.nature.com/articles/s41467-025-56614-2
适应	Cell | 中国农业大学杨淑华团队破解玉米<em>适应</em>高纬度低温环境的分子机制	2025-01-21	A natural variant of COOL1 gene enhances cold tolerance for high latitude adaptation in maize 	 https://www.cell.com/cell/fulltext/S0092-8674(24)00003-4
适应	Nature Plants | “以退为进，守攻有道”——南京大学陈建群/邵珠卿团队揭示植物抗病基因的“层级式”<em>适应</em>性演化规律	2025-01-20	Convergent reduction of immune receptor repertoires during plant adaptation to diverse special lifestyles and habitats 	 https://www.nature.com/articles/s41477-024-01745-5
适应	Nature Plants | 俞皓团队揭示兰花石斛属基因组演化及其<em>适应</em>性进化特征	2025-01-10	Pangeneric genome analyses reveal the evolution and diversity of the orchid genus Dendrobium 	 https://www.nature.com/articles/s41477-024-01902-w
适应	Nature Plants | 湖北大学吕世友团队揭示植物通过调控表皮蜡质组成<em>适应</em>外界环境变化的新机制	2025-01-04	Deciphering the core shunt mechanism in Arabidopsis cuticular wax biosynthesis and its role in plant environmental adaptation 	 https://www.nature.com/articles/s41477-024-01892-9
适应	中科院植物所郭亚龙研究组揭示植物<em>适应</em>性进化新机制	2024-12-30	Green revolution gene drives adaptation of Arabidopsis to the extremely high altitude	www.sciengine.com/SCLS/doi/10.1007/s11427-024-2769-x
适应	Cell | 棕色藻类基因组演化与生态<em>适应</em>	2024-12-27	Evolutionary genomics of the emergence of brown algae as key components of coastal ecosystems 	 https://www.cell.com/cell/fulltext/S0092-8674(24)01272-8
适应	专家点评 Science | 郭红卫团队发现新的渗透感受器，揭示蛋白相分离介导渗透胁迫感知与<em>适应</em>的新途径	2024-11-01	A cytoplasmic osmosensing mechanism mediated by molecular crowding–sensitive DCP5 	 https://www.science.org/doi/10.1126/science.eadk9067
适应	Plant Physiol | 中国科学院武汉植物园陈进明团队揭示隐花色素在被子植物<em>适应</em>水生环境中的重要作用	2024-10-26	Origin and evolution of the blue light receptor cryptochromes (CRY1/2) in aquatic angiosperms 	 https://doi.org/10.1093/plphys/kiae568
适应	Nature | 细菌通过基因倒位增加<em>适应</em>能力	2024-10-23	Intragenic DNA inversions expand bacterial coding capacity 	 https://doi.org/10.1038/s41586-024-07970-4
适应	Advanced Science | 中国农科院作科所周美亮团队揭示荞麦属植物黄酮类合成新基因簇参与调控高海拔<em>适应</em>的分子机制	2024-09-25	Evolution and domestication of a novel biosynthetic gene cluster contributing to the flavonoid metabolism and high-altitude adaptability of plants in the Fagopyrum genus	https://doi.org/10.1002/advs.202403603
适应	Nature Commun丨赵韩生等基于单倍型泛基因组揭示毛竹遗传变异和气候<em>适应</em>性能力	2024-09-20	Haplotype-based pangenomes reveal genetic variations and climate adaptations in moso bamboo populations 	 https://www.nature.com/articles/s41467-024-52376-5
适应	PBJ | 中国农业大学李自超团队张战营/张洪亮挖掘水稻分蘖调控基因并解析其土壤钾<em>适应</em>性机制	2024-08-29	Natural variation in the Tn1a promoter regulates tillering in rice	http://doi.org/10.1111/pbi.14453
适应	湖南大学细胞<em>适应</em>性机制团队揭示新型转录因子调控水稻耐盐新机制	2024-08-23	The OsGAPC1-OsSGL module negatively regulates salt tolerance by mediating abscisic acid biosynthesis in rice 	 https://doi.org/10.1111/nph.20061
适应	中国农业大学杨淑华团队应邀在Annu Rev Genet撰写植物应答和<em>适应</em>低温进展综述文章	2024-08-14	Regulatory Networks Underlying Plant Responses and Adaptation to Cold Stress 	 https://doi.org/10.1146/annurev-genet-111523-102226
适应	Nature Commun | 山东农业大学杨国栋/郑成超团队揭示ABA介导植物与环境信号由短期应激响应到长期<em>适应</em>过程的调控机制	2024-08-06	N-glycosylation of SnRK2s affects NADPH maintenance in peroxisomes during prolonged ABA signalling 	 https://doi.org/10.1038/s41467-024-50720-3
适应	Science | 近百年实验揭示植物的<em>适应</em>性进化机制	2024-07-15	Natural selection drives emergent genetic homogeneity in a century-scale experiment with barley 	 https://www.science.org/doi/10.1126/science.adl0038
适应	PNAS | 中国农科院蔬菜所张友军团队揭示生物<em>适应</em>性进化的“阿喀琉斯之踵”	2024-07-04	GPCR-MAPK signaling pathways underpin fitness trade-offs in whitefly 	 https://doi.org/10.1073/pnas.2402407121
